<?xml version="1.0" encoding="UTF-8"?>
<project-private xmlns="http://www.netbeans.org/ns/project-private/1">
    <editor-bookmarks xmlns="http://www.netbeans.org/ns/editor-bookmarks/2" lastBookmarkId="0"/>
    <open-files xmlns="http://www.netbeans.org/ns/projectui-open-files/2">
        <group>
            <file>file:/C:/Users/Dell1/Documents/NetBeansProjects/netbeans-sample-master/tests/units/netbeans/sample/Calculator.php</file>
            <file>file:/C:/Users/Dell1/Documents/NetBeansProjects/netbeans-sample-master/src/netbeans/sample/Calculator.php</file>
        </group>
    </open-files>
</project-private>
